generation,method,max_deg,size_construction,size_search,alpha,build_time,memory,search_time,recall
0,single-cutcat-unif,262,533,537,1.95703125,0.7730473225033301,0,0.25864190285497285,999999.999999
0,single-cutcat-unif,552,577,913,1.8232421875,0.5786255416492302,0,0.9575938903656651,999999.999999
0,single-cutcat-unif,919,636,783,1.4912109375,0.19176640542967807,0,1.0,999999.999999
0,single-cutcat-unif,119,231,328,1.7021484375,0.08734223821397083,0,0.09310872411458801,999999.999999
0,single-cutcat-unif,261,535,859,1.7958984375,0.758029585406088,0,0.3946845260698955,999999.999999
0,single-cutcat-unif,969,339,801,1.86328125,0.14902191076959445,0,0.39013866353666804,999999.999999
0,single-cutcat-unif,990,866,1008,1.6474609375,0.40399590568574134,0,0.8319000548516893,999999.999999
0,single-cutcat-unif,901,947,479,1.4267578125,0.19364779305732002,0,0.20203314971256142,999999.999999
0,single-cutcat-unif,372,718,396,1.75,1.0,0,0.5292525210680352,999999.999999
0,single-cutcat-unif,389,248,390,1.64453125,0.0,0,0.10034207508160625,999999.999999
1,single-cutcat-unif,119,231,328,1.7021484375,0.08734223821397083,0,0.09310872411458801,999999.999999
2,single-cutcat-unif,201,115,353,1.73828125,0.03913184679049695,0,0.12622634186909737,999999.999999
2,single-cutcat-unif,119,231,328,1.7021484375,0.08734223821397083,0,0.09310872411458801,999999.999999
3,single-cutcat-unif,841,431,1056,1.11328125,0.0,0,0.24377329072982323,999999.999999
3,single-cutcat-unif,951,423,456,1.2021484375,0.0379773917604132,0,0.1620417533730868,999999.999999
3,single-cutcat-unif,201,115,353,1.73828125,0.03913184679049695,0,0.12622634186909737,999999.999999
3,single-cutcat-unif,119,231,328,1.7021484375,0.08734223821397083,0,0.09310872411458801,999999.999999
4,single-cutcat-unif,951,423,456,1.2021484375,0.0379773917604132,0,0.1620417533730868,999999.999999
4,single-cutcat-unif,119,231,296,1.7021484375,0.08843369497330114,0,0.07886862427158514,999999.999999
4,single-cutcat-unif,117,947,329,1.36328125,0.1749260289456049,0,0.07805344432881244,999999.999999
4,single-cutcat-unif,841,431,1056,1.11328125,0.0,0,0.24377329072982323,999999.999999
4,single-cutcat-unif,637,229,329,1.693359375,0.04491988059101639,0,0.15250509117951652,999999.999999
4,single-cutcat-unif,119,235,324,1.6552734375,0.08408159434092301,0,0.08142846665792976,999999.999999
4,single-cutcat-unif,205,131,350,1.7392578125,0.05750896214908747,0,0.1287464880468663,999999.999999
0,multi-cutcat-unif,682,628,472,1.3935546875,0.1707949821253281,0,0.16779352733443992,999999.999999
0,multi-cutcat-unif,978,544,803,1.0205078125,0.05743419223634757,0,0.19089320739271382,999999.999999
0,multi-cutcat-unif,107,385,237,1.4375,0.10278624601121039,0,0.09760370896561578,999999.999999
0,multi-cutcat-unif,210,316,524,1.9677734375,0.42418125545510327,0,0.25758286347977616,999999.999999
0,multi-cutcat-unif,592,600,475,1.0673828125,0.06596221289293117,0,0.13005986965311286,999999.999999
0,multi-cutcat-unif,99,332,589,1.3994140625,0.08045379412730663,0,0.16610527511779682,999999.999999
0,multi-cutcat-unif,745,634,811,1.4658203125,0.2639210985387384,0,0.4358914072606455,999999.999999
0,multi-cutcat-unif,789,125,735,1.7138671875,0.03786215550901867,0,0.276148385197815,999999.999999
0,multi-cutcat-unif,797,113,405,1.1123046875,0.0,0,0.059551182557509984,999999.999999
0,multi-cutcat-unif,544,395,123,1.833984375,0.367365189964079,0,0.12702501457904067,999999.999999
1,multi-cutcat-unif,979,120,811,1.3916015625,0.019954315989659303,0,0.2829318681205452,999999.999999
1,multi-cutcat-unif,722,896,283,1.0185546875,0.0969915818561412,0,0.06688619369925418,999999.999999
1,multi-cutcat-unif,107,369,301,1.1494140625,0.0407498625898256,0,0.07385026580640053,999999.999999
1,multi-cutcat-unif,75,385,476,1.0625,0.03598043126910788,0,0.13202669194915248,999999.999999
1,multi-cutcat-unif,529,127,219,1.1982421875,0.0038837920008804663,0,0.03435519425064773,3333.3333323337006
2,multi-cutcat-unif,529,128,219,1.1357421875,0.003089179605571036,0,0.02683945743525124,3333.3333323337006
2,multi-cutcat-unif,529,125,215,1.0732421875,0.0009732348977578973,0,0.027105731578038975,2499.9999990002752
2,multi-cutcat-unif,722,154,283,1.0166015625,0.005095161384463938,0,0.08159567084882474,999999.999999
3,multi-cutcat-unif,528,155,219,1.0751953125,0.006638356557759704,0,0.030633321660113528,9999.999999012203
3,multi-cutcat-unif,529,128,219,1.1357421875,0.003089179605571036,0,0.02683945743525124,3333.3333323337006
3,multi-cutcat-unif,529,125,215,1.0732421875,0.0009732348977578973,0,0.027105731578038975,2499.9999990002752
3,multi-cutcat-unif,722,154,283,1.0166015625,0.005095161384463938,0,0.08159567084882474,999999.999999
3,multi-cutcat-unif,529,127,219,1.1982421875,0.0038837920008804663,0,0.03435519425064773,3333.3333323337006
3,multi-cutcat-unif,597,130,283,1.1259765625,0.003124680375691548,0,0.054589181975735146,9999.999999012203
4,multi-cutcat-unif,597,151,155,1.1962890625,0.0078755046329399,0,0.010957641939099405,1999.9999990002202
4,multi-cutcat-unif,528,155,219,1.0751953125,0.006638356557759704,0,0.030633321660113528,9999.999999012203
4,multi-cutcat-unif,529,125,215,1.0732421875,0.0009732348977578973,0,0.027105731578038975,2499.9999990002752
4,multi-cutcat-unif,107,369,301,1.1494140625,0.0407498625898256,0,0.07385026580640053,999999.999999
4,multi-cutcat-unif,722,154,283,1.0166015625,0.005095161384463938,0,0.08159567084882474,999999.999999
4,multi-cutcat-unif,529,127,219,1.1982421875,0.0038837920008804663,0,0.03435519425064773,3333.3333323337006
4,multi-cutcat-unif,597,130,283,1.1259765625,0.003124680375691548,0,0.054589181975735146,9999.999999012203
0,single-cutcat-tour,788,346,886,1.1083984375,0.03669961763711255,0,0.2540203477506417,999999.999999
0,single-cutcat-tour,81,490,253,1.578125,0.2631824543253635,0,0.32976078262940034,999999.999999
0,single-cutcat-tour,904,160,197,1.98828125,0.08301497511575712,0,0.1843334676174864,999999.999999
0,single-cutcat-tour,469,361,785,1.0390625,0.036240512558542944,0,0.2189951538770242,999999.999999
0,single-cutcat-tour,953,201,449,1.55078125,0.07323252013836612,0,0.2672735610474917,999999.999999
0,single-cutcat-tour,568,149,361,1.9638671875,0.09011688398282473,0,0.20656680466124383,999999.999999
0,single-cutcat-tour,879,476,790,1.8583984375,0.3995294653404787,0,0.49688681057279754,999999.999999
0,single-cutcat-tour,457,730,709,1.015625,0.07870207673248587,0,0.21772880498558297,999999.999999
0,single-cutcat-tour,823,438,145,1.1845703125,0.05827183566395864,0,0.025689550023359528,2499.9999990002752
0,single-cutcat-tour,218,197,482,1.025390625,0.013990356765793568,0,0.1321736979204172,999999.999999
1,single-cutcat-tour,272,202,118,1.0302734375,0.012975290985747187,0,0.029412571513772103,499.99999899999955
1,single-cutcat-tour,213,154,438,1.107421875,0.006441284723436862,0,0.14635646444862024,999999.999999
1,single-cutcat-tour,308,202,278,1.0302734375,0.013764387829381865,0,0.0991297137007846,999999.999999
2,single-cutcat-tour,213,154,438,1.107421875,0.006441284723436862,0,0.14635646444862024,999999.999999
2,single-cutcat-tour,272,202,118,1.0302734375,0.012975290985747187,0,0.029412571513772103,499.99999899999955
2,single-cutcat-tour,308,202,278,1.0302734375,0.013764387829381865,0,0.0991297137007846,999999.999999
2,single-cutcat-tour,166,139,262,1.0849609375,0.005958138106711228,0,0.08468186125005855,999999.999999
2,single-cutcat-tour,272,202,182,1.0849609375,0.017752385029491478,0,0.050474951591333576,9999.999999012203
2,single-cutcat-tour,277,155,118,1.060546875,0.0048960851585241145,0,0.0,454.5454535454817
3,single-cutcat-tour,272,202,118,1.0302734375,0.012975290985747187,0,0.029412571513772103,499.99999899999955
3,single-cutcat-tour,272,202,182,1.0693359375,0.013797913901016095,0,0.15992992244244542,9999.999999012203
3,single-cutcat-tour,166,139,262,1.0849609375,0.005958138106711228,0,0.08468186125005855,999999.999999
3,single-cutcat-tour,423,139,134,1.0849609375,0.005587762420357909,0,0.025463621344937317,714.285713285793
3,single-cutcat-tour,309,155,278,1.029296875,0.005439389215687801,0,0.08156648646335792,999999.999999
4,single-cutcat-tour,294,211,263,1.0849609375,0.01696023295223849,0,0.07418295896816728,999999.999999
4,single-cutcat-tour,272,199,262,1.0693359375,0.011946424428202693,0,0.07612245564928773,999999.999999
4,single-cutcat-tour,272,202,182,1.0849609375,0.017752385029491478,0,0.050474951591333576,9999.999999012203
4,single-cutcat-tour,272,139,134,1.0673828125,0.003893223044605488,0,0.023563368726052424,769.2307682307883
4,single-cutcat-tour,677,139,646,1.029296875,0.00311375540949008,0,0.17511159948166338,999999.999999
4,single-cutcat-tour,277,218,122,1.107421875,0.02187450589037933,0,0.024637789774414887,833.333332333271
4,single-cutcat-tour,309,155,278,1.029296875,0.005439389215687801,0,0.08156648646335792,999999.999999
0,multi-cutcat-tour,595,104,144,1.181640625,0.0023099768101176995,0,0.08780390317179367,714.2857132857363
0,multi-cutcat-tour,791,870,840,1.59765625,0.42057152334157005,0,1.0,999999.999999
0,multi-cutcat-tour,109,798,993,1.994140625,0.7002385839093422,0,0.24284717549788468,999999.999999
0,multi-cutcat-tour,705,554,316,1.7060546875,0.30741114350272397,0,0.15682638888948477,999999.999999
0,multi-cutcat-tour,188,924,501,1.658203125,0.5298848061566944,0,0.24667976058871338,999999.999999
0,multi-cutcat-tour,952,961,390,1.9853515625,0.8664107043911246,0,0.24091972774779077,999999.999999
0,multi-cutcat-tour,710,969,244,1.2880859375,0.20021908514241268,0,0.11222582115821401,999999.999999
0,multi-cutcat-tour,585,385,223,1.6298828125,0.18011512364657578,0,0.12219256749306423,999999.999999
0,multi-cutcat-tour,284,953,645,1.099609375,0.11118261180340247,0,0.14009890204468894,999999.999999
0,multi-cutcat-tour,588,931,911,1.4208984375,0.23940213614493897,0,0.2320018280806192,999999.999999
1,multi-cutcat-tour,595,104,144,1.181640625,0.0023099768101176995,0,0.08780390317179367,714.2857132857363
1,multi-cutcat-tour,364,955,655,1.169921875,0.12242157844107396,0,0.14047457501458974,999999.999999
1,multi-cutcat-tour,710,969,244,1.2880859375,0.20021908514241268,0,0.11222582115821401,999999.999999
1,multi-cutcat-tour,585,385,223,1.6298828125,0.18011512364657578,0,0.12219256749306423,999999.999999
1,multi-cutcat-tour,284,953,645,1.099609375,0.11118261180340247,0,0.14009890204468894,999999.999999
1,multi-cutcat-tour,855,102,776,1.66015625,0.032751740264409565,0,0.1930944477714604,999999.999999
2,multi-cutcat-tour,855,102,136,1.16015625,0.0005906084458737979,0,0.010792917955271578,555.5555545555825
2,multi-cutcat-tour,979,102,144,1.1796875,0.00013446427699789602,0,0.011717083758339472,714.2857132857363
2,multi-cutcat-tour,599,939,142,1.1640625,0.12089610047514013,0,0.021646846299213655,3333.3333323337006
2,multi-cutcat-tour,884,107,655,1.169921875,0.0017127797260294464,0,0.11682022091938968,999999.999999
2,multi-cutcat-tour,759,201,249,1.2861328125,0.044225901620014454,0,0.09836041659712541,999999.999999
3,multi-cutcat-tour,375,105,761,1.1689453125,0.0010644707945873199,0,0.1278264607118411,999999.999999
3,multi-cutcat-tour,855,102,136,1.16015625,0.0005906084458737979,0,0.010792917955271578,555.5555545555825
3,multi-cutcat-tour,979,102,144,1.1796875,0.00013446427699789602,0,0.011717083758339472,714.2857132857363
3,multi-cutcat-tour,863,102,233,1.2861328125,0.015474983008670413,0,0.0818693342822694,999999.999999
3,multi-cutcat-tour,599,939,142,1.1640625,0.12089610047514013,0,0.021646846299213655,3333.3333323337006
3,multi-cutcat-tour,884,107,655,1.169921875,0.0017127797260294464,0,0.11682022091938968,999999.999999
3,multi-cutcat-tour,884,102,142,1.16015625,0.0007136124676650874,0,0.0123549898474766,666.6666656666414
3,multi-cutcat-tour,631,977,142,1.1611328125,0.12248332270912443,0,0.030578475449067777,3333.3333323337006
4,multi-cutcat-tour,375,105,761,1.1689453125,0.0010644707945873199,0,0.1278264607118411,999999.999999
4,multi-cutcat-tour,855,102,136,1.16015625,0.0005906084458737979,0,0.010792917955271578,555.5555545555825
4,multi-cutcat-tour,375,357,150,1.1845703125,0.04347339122578265,0,0.026554106647017486,2499.9999990002752
4,multi-cutcat-tour,382,103,767,1.0439453125,0.00016940225508486415,0,0.17975411011371187,999999.999999
4,multi-cutcat-tour,979,102,144,1.1796875,0.00013446427699789602,0,0.011717083758339472,714.2857132857363
4,multi-cutcat-tour,863,102,233,1.2861328125,0.015474983008670413,0,0.0818693342822694,999999.999999
4,multi-cutcat-tour,599,939,142,1.1640625,0.12089610047514013,0,0.021646846299213655,3333.3333323337006
4,multi-cutcat-tour,375,615,232,1.16015625,0.08130375396444878,0,0.064242480512501,999999.999999
0,single-cutcat-unif,992,845,698,1.16015625,0.1486785713087737,0,0.3001144480810896,999999.999999
0,single-cutcat-unif,552,608,371,1.564453125,0.26415668911397927,0,0.42565217682155,999999.999999
0,single-cutcat-unif,150,208,145,1.6650390625,0.06496694350926467,0,0.48334298364996037,999999.999999
0,single-cutcat-unif,27,351,955,1.9912109375,0.03489844119744416,0,0.24345734687589676,999999.999999
0,single-cutcat-unif,758,935,622,1.048828125,0.14268900076408994,0,0.3322016748106513,999999.999999
0,single-cutcat-unif,49,130,485,1.8525390625,0.28063652704726333,0,0.2393002610914502,999999.999999
0,single-cutcat-unif,894,526,766,1.9013671875,0.5141314796778811,0,0.6513418685456601,999999.999999
0,single-cutcat-unif,257,611,769,1.65234375,0.3975293832875452,0,0.4697400354425063,999999.999999
0,single-cutcat-unif,720,367,561,1.908203125,0.27495587657832155,0,1.0,999999.999999
0,single-cutcat-unif,878,443,432,1.828125,0.33692966110301953,0,0.40884927652576125,999999.999999
1,single-cutcat-unif,49,130,485,1.8525390625,0.28063652704726333,0,0.2393002610914502,999999.999999
1,single-cutcat-unif,150,208,145,1.6650390625,0.06496694350926467,0,0.48334298364996037,999999.999999
2,single-cutcat-unif,255,171,110,1.6640625,1.0,0,0.7244700778686555,999999.999999
2,single-cutcat-unif,40,128,497,1.837890625,0.3847512521316937,0,0.342387812551747,999999.999999
3,single-cutcat-unif,20,103,518,1.048828125,0.30965919516058976,0,0.24118786681946913,999999.999999
3,single-cutcat-unif,255,171,110,1.6640625,1.0,0,0.7244700778686555,999999.999999
4,single-cutcat-unif,31,131,366,1.8671875,0.6613023570987099,0,0.3363749653706345,999999.999999
4,single-cutcat-unif,20,103,518,1.048828125,0.30965919516058976,0,0.24118786681946913,999999.999999
4,single-cutcat-unif,17,110,295,1.0947265625,0.23583619068816908,0,0.29071226249807447,4999.99999900055
5,single-cutcat-unif,30,106,366,1.1171875,0.26193671194459944,0,0.16044419367493554,999999.999999
5,single-cutcat-unif,20,103,518,1.048828125,0.30965919516058976,0,0.24118786681946913,999999.999999
5,single-cutcat-unif,255,171,110,1.6640625,1.0,0,0.7244700778686555,999999.999999
5,single-cutcat-unif,17,110,295,1.0947265625,0.23583619068816908,0,0.29071226249807447,4999.99999900055
6,single-cutcat-unif,30,106,366,1.1171875,0.26193671194459944,0,0.16044419367493554,999999.999999
6,single-cutcat-unif,1,494,295,1.0322265625,0.03796393371542406,0,0.12957399117779017,1.0108147282927324
6,single-cutcat-unif,255,171,110,1.6640625,1.0,0,0.7244700778686555,999999.999999
6,single-cutcat-unif,20,103,518,1.048828125,0.30965919516058976,0,0.24118786681946913,999999.999999
6,single-cutcat-unif,17,110,295,1.0947265625,0.23583619068816908,0,0.29071226249807447,4999.99999900055
7,single-cutcat-unif,30,106,366,1.1171875,0.26193671194459944,0,0.16044419367493554,999999.999999
7,single-cutcat-unif,1,494,295,1.0322265625,0.03796393371542406,0,0.12957399117779017,1.0108147282927324
7,single-cutcat-unif,52,127,102,1.0498046875,0.3169409988601332,0,0.18711397625620912,163.93442522951133
7,single-cutcat-unif,1,358,295,1.1103515625,0.0,0,0.03740247589798109,1.0108147282927324
7,single-cutcat-unif,20,103,518,1.048828125,0.30965919516058976,0,0.24118786681946913,999999.999999
7,single-cutcat-unif,17,110,231,1.0947265625,0.2757825925983821,0,0.2061272998538584,909.0909080909174
7,single-cutcat-unif,17,110,295,1.0947265625,0.23583619068816908,0,0.29071226249807447,4999.99999900055
8,single-cutcat-unif,30,106,366,1.1171875,0.26193671194459944,0,0.16044419367493554,999999.999999
8,single-cutcat-unif,52,127,102,1.0498046875,0.3169409988601332,0,0.18711397625620912,163.93442522951133
8,single-cutcat-unif,25,366,263,1.0947265625,0.7050016622209514,0,0.12074202755875448,9999.999999012203
8,single-cutcat-unif,14,114,390,1.0869140625,0.25314922511749605,0,0.16882911730732894,999999.999999
8,single-cutcat-unif,255,171,110,1.6640625,1.0,0,0.7244700778686555,999999.999999
8,single-cutcat-unif,1,358,295,1.1103515625,0.0,0,0.03740247589798109,1.0108147282927324
8,single-cutcat-unif,20,103,518,1.048828125,0.30965919516058976,0,0.24118786681946913,999999.999999
8,single-cutcat-unif,17,110,231,1.0947265625,0.2757825925983821,0,0.2061272998538584,909.0909080909174
8,single-cutcat-unif,17,110,295,1.0947265625,0.23583619068816908,0,0.29071226249807447,4999.99999900055
8,single-cutcat-unif,55,107,358,1.1171875,0.2814152596813182,0,1.0,999999.999999
9,single-cutcat-unif,14,114,390,1.0869140625,0.25314922511749605,0,0.16882911730732894,999999.999999
9,single-cutcat-unif,1,358,295,1.1103515625,0.0,0,0.03740247589798109,1.0108147282927324
9,single-cutcat-unif,17,110,231,1.0947265625,0.2757825925983821,0,0.2061272998538584,909.0909080909174
9,single-cutcat-unif,55,102,357,1.09375,0.24812014696414025,0,0.39924716782458464,999999.999999
9,single-cutcat-unif,17,110,295,1.0947265625,0.23583619068816908,0,0.29071226249807447,4999.99999900055
10,single-cutcat-unif,30,106,366,1.1171875,0.26193671194459944,0,0.16044419367493554,999999.999999
10,single-cutcat-unif,25,366,263,1.0947265625,0.7050016622209514,0,0.12074202755875448,9999.999999012203
10,single-cutcat-unif,14,114,390,1.0869140625,0.25314922511749605,0,0.16882911730732894,999999.999999
10,single-cutcat-unif,1,358,295,1.1103515625,0.0,0,0.03740247589798109,1.0108147282927324
10,single-cutcat-unif,23,171,230,1.1015625,0.4163925268559429,0,0.0963722932275214,4999.99999900055
10,single-cutcat-unif,1,686,230,1.1025390625,0.03301636444518609,0,0.0,1.0108147282927324
10,single-cutcat-unif,17,396,263,1.5947265625,1.0,0,0.10905506296220177,999999.999999
10,single-cutcat-unif,55,102,357,1.09375,0.24812014696414025,0,0.39924716782458464,999999.999999
10,single-cutcat-unif,33,366,263,1.0947265625,0.684305314671523,0,0.1333637049536724,999999.999999
10,single-cutcat-unif,17,110,295,1.0947265625,0.23583619068816908,0,0.29071226249807447,4999.99999900055
0,multi-cutcat-unif,159,135,689,1.1103515625,0.10601467517568,0,0.39391203189299023,999999.999999
0,multi-cutcat-unif,115,584,891,1.4833984375,0.6697403009633492,0,0.4442786709595108,999999.999999
0,multi-cutcat-unif,49,717,926,1.15625,0.19288261801635043,0,1.0,999999.999999
0,multi-cutcat-unif,494,801,148,1.7099609375,1.0,0,0.5015882512557058,999999.999999
0,multi-cutcat-unif,773,135,740,1.0576171875,0.04304742555452692,0,0.18042155601270782,999999.999999
0,multi-cutcat-unif,471,584,935,1.080078125,0.19573540598163275,0,0.3061144789714149,999999.999999
0,multi-cutcat-unif,294,419,721,1.134765625,0.10492507918091727,0,0.8447148325573249,999999.999999
0,multi-cutcat-unif,515,551,226,1.5439453125,0.5599662962551624,0,0.109325509405233,999999.999999
0,multi-cutcat-unif,814,673,934,1.0703125,0.1636871866646706,0,0.3227922073258241,999999.999999
0,multi-cutcat-unif,282,186,524,1.876953125,0.3648887990929927,0,0.3082072239659271,999999.999999
1,multi-cutcat-unif,159,135,689,1.1103515625,0.10601467517568,0,0.39391203189299023,999999.999999
2,multi-cutcat-unif,159,135,689,1.1103515625,0.10601467517568,0,0.39391203189299023,999999.999999
2,multi-cutcat-unif,773,135,740,1.0576171875,0.04304742555452692,0,0.18042155601270782,999999.999999
2,multi-cutcat-unif,503,584,423,1.080078125,0.34756773177895045,0,1.0,999999.999999
3,multi-cutcat-unif,223,200,679,1.1103515625,0.2732018234462825,0,0.21406764248337,999999.999999
3,multi-cutcat-unif,159,135,689,1.1103515625,0.10601467517568,0,0.39391203189299023,999999.999999
3,multi-cutcat-unif,773,135,740,1.0576171875,0.04304742555452692,0,0.18042155601270782,999999.999999
3,multi-cutcat-unif,503,584,423,1.080078125,0.34756773177895045,0,1.0,999999.999999
4,multi-cutcat-unif,148,102,680,1.0810546875,0.0,0,0.4561521170472409,999999.999999
4,multi-cutcat-unif,466,1059,215,1.330078125,0.9961225820355633,0,0.3350151734095457,999999.999999
5,multi-cutcat-unif,468,678,168,1.1123046875,0.5945573831938957,0,0.0,9999.999999012203
5,multi-cutcat-unif,148,102,680,1.0810546875,0.0,0,0.4561521170472409,999999.999999
5,multi-cutcat-unif,159,135,689,1.1103515625,0.10601467517568,0,0.39391203189299023,999999.999999
5,multi-cutcat-unif,151,134,685,1.0791015625,0.05364865008558894,0,0.542903034037884,999999.999999
6,multi-cutcat-unif,133,135,688,1.1103515625,0.07474932795463311,0,0.49998989327820065,999999.999999
6,multi-cutcat-unif,468,678,168,1.1123046875,0.5945573831938957,0,0.0,9999.999999012203
6,multi-cutcat-unif,148,102,680,1.0810546875,0.0,0,0.4561521170472409,999999.999999
6,multi-cutcat-unif,151,102,711,1.1162109375,0.03098303896476126,0,0.19102140764557476,999999.999999
7,multi-cutcat-unif,151,134,687,1.0849609375,0.06414874523955458,0,0.6251090359794113,999999.999999
7,multi-cutcat-unif,468,678,168,1.1123046875,0.5945573831938957,0,0.0,9999.999999012203
7,multi-cutcat-unif,151,134,685,1.0791015625,0.05364865008558894,0,0.542903034037884,999999.999999
7,multi-cutcat-unif,133,135,688,1.1103515625,0.07474932795463311,0,0.49998989327820065,999999.999999
7,multi-cutcat-unif,471,646,168,1.1103515625,0.8587271176383264,0,0.7986142533179471,999999.999999
7,multi-cutcat-unif,148,102,680,1.0810546875,0.0,0,0.4561521170472409,999999.999999
7,multi-cutcat-unif,151,102,711,1.1162109375,0.03098303896476126,0,0.19102140764557476,999999.999999
8,multi-cutcat-unif,151,134,687,1.0849609375,0.06414874523955458,0,0.6251090359794113,999999.999999
8,multi-cutcat-unif,407,646,175,1.1123046875,0.6042447559637312,0,0.03675944291749442,999999.999999
8,multi-cutcat-unif,471,102,678,1.0810546875,0.0036786851991707486,0,0.7232105789907687,999999.999999
8,multi-cutcat-unif,159,135,689,1.1103515625,0.10601467517568,0,0.39391203189299023,999999.999999
8,multi-cutcat-unif,133,135,688,1.1103515625,0.07474932795463311,0,0.49998989327820065,999999.999999
9,multi-cutcat-unif,157,103,945,1.1103515625,0.006651964156416981,0,0.9463488560486656,999999.999999
9,multi-cutcat-unif,151,134,687,1.0849609375,0.06414874523955458,0,0.6251090359794113,999999.999999
9,multi-cutcat-unif,471,102,678,1.0810546875,0.0036786851991707486,0,0.7232105789907687,999999.999999
9,multi-cutcat-unif,151,134,685,1.0791015625,0.05364865008558894,0,0.542903034037884,999999.999999
9,multi-cutcat-unif,133,135,688,1.1103515625,0.07474932795463311,0,0.49998989327820065,999999.999999
9,multi-cutcat-unif,148,102,680,1.0810546875,0.0,0,0.4561521170472409,999999.999999
9,multi-cutcat-unif,471,646,164,1.0810546875,0.5889334249868757,0,0.11690989313307851,999999.999999
10,multi-cutcat-unif,471,646,164,1.0791015625,0.566677500343082,0,0.03328065744484446,999999.999999
10,multi-cutcat-unif,468,678,168,1.1123046875,0.5945573831938957,0,0.0,9999.999999012203
10,multi-cutcat-unif,148,102,680,1.0810546875,0.0,0,0.4561521170472409,999999.999999
10,multi-cutcat-unif,215,102,421,1.0810546875,0.007268139282320456,0,0.33939304730101283,999999.999999
0,single-cutcat-tour,549,207,115,1.021484375,0.2708923048299843,0,0.010247422187432102,434.7826076956791
0,single-cutcat-tour,214,255,907,1.8857421875,0.3476658593101165,0,1.0,999999.999999
0,single-cutcat-tour,934,497,538,1.6142578125,0.2823222303747751,0,0.8819072796325882,999999.999999
0,single-cutcat-tour,872,968,911,1.0859375,0.12576286659856,0,0.7756167393737792,999999.999999
0,single-cutcat-tour,430,190,277,1.607421875,0.196687708494077,0,0.4711708303354376,999999.999999
0,single-cutcat-tour,496,598,343,1.7216796875,0.4012855790051052,0,0.600860582315012,999999.999999
0,single-cutcat-tour,673,398,272,1.421875,0.11321266806100648,0,0.9647695105536087,999999.999999
0,single-cutcat-tour,512,727,504,1.6796875,0.50334075854786,0,0.7764912917180891,999999.999999
0,single-cutcat-tour,849,748,236,1.94921875,1.0,0,0.6162564811848296,999999.999999
0,single-cutcat-tour,91,519,305,1.4580078125,0.7789787828608702,0,0.5041147114959587,999999.999999
1,single-cutcat-tour,539,719,176,1.0830078125,0.9626066056125305,0,0.2948548674263996,999999.999999
1,single-cutcat-tour,91,199,113,1.0205078125,0.02159706167175615,0,0.02089862198837556,454.5454535454817
1,single-cutcat-tour,549,207,115,1.021484375,0.2708923048299843,0,0.010247422187432102,434.7826076956791
1,single-cutcat-tour,421,159,115,1.5849609375,0.1439068222581377,0,0.5832849953974264,999999.999999
2,single-cutcat-tour,31,159,176,1.0830078125,0.15131196105064748,0,0.4612156129914309,1999.9999990002202
2,single-cutcat-tour,543,645,113,1.08203125,0.9198647034093852,0,0.22585123073051358,833.333332333271
2,single-cutcat-tour,549,207,115,1.021484375,0.2708923048299843,0,0.010247422187432102,434.7826076956791
2,single-cutcat-tour,91,207,112,1.1455078125,0.24558590511308465,0,0.0554707875922338,434.7826076956371
2,single-cutcat-tour,91,157,627,1.0849609375,0.07657813294328386,0,1.0,999999.999999
2,single-cutcat-tour,83,207,112,1.0283203125,0.2924595083761291,0,0.14332062533354034,476.1904751904783
2,single-cutcat-tour,665,199,113,1.0205078125,0.15767702290819594,0,0.008366484745123824,434.7826076956791
2,single-cutcat-tour,650,718,179,1.0224609375,0.8948363111159502,0,0.8525204870124032,999999.999999
2,single-cutcat-tour,539,719,176,1.0830078125,0.9626066056125305,0,0.2948548674263996,999999.999999
2,single-cutcat-tour,91,207,176,1.0205078125,0.14959516722543076,0,0.20694730027036265,9999.999999012203
3,single-cutcat-tour,31,159,176,1.0830078125,0.15131196105064748,0,0.4612156129914309,1999.9999990002202
3,single-cutcat-tour,549,207,115,1.021484375,0.2708923048299843,0,0.010247422187432102,434.7826076956791
3,single-cutcat-tour,91,157,627,1.0849609375,0.07657813294328386,0,1.0,999999.999999
3,single-cutcat-tour,83,207,112,1.0283203125,0.2924595083761291,0,0.14332062533354034,476.1904751904783
3,single-cutcat-tour,27,205,176,1.0205078125,0.1588967479831908,0,0.27992673945373114,1428.571427571586
3,single-cutcat-tour,27,143,176,1.0283203125,0.12925886022393887,0,0.1775469990736724,1111.1111101110962
4,single-cutcat-tour,31,158,168,1.0908203125,0.08365166562679129,0,0.07862290380083599,4999.99999900055
4,single-cutcat-tour,549,207,115,1.021484375,0.2708923048299843,0,0.010247422187432102,434.7826076956791
4,single-cutcat-tour,219,143,176,1.0283203125,0.0758474599687419,0,0.09419027718526929,2499.9999990002752
4,single-cutcat-tour,91,207,112,1.1455078125,0.24558590511308465,0,0.0554707875922338,434.7826076956371
4,single-cutcat-tour,91,157,627,1.0849609375,0.07657813294328386,0,1.0,999999.999999
4,single-cutcat-tour,85,207,177,1.029296875,0.1632783447247417,0,0.2504626439776652,9999.999999012203
4,single-cutcat-tour,19,335,304,1.0283203125,0.37789418693190513,0,0.14457340514989694,999999.999999
4,single-cutcat-tour,27,207,368,1.0283203125,0.37182193236197786,0,0.3233786055067524,999999.999999
4,single-cutcat-tour,665,199,113,1.0205078125,0.15767702290819594,0,0.008366484745123824,434.7826076956791
4,single-cutcat-tour,27,205,176,1.0205078125,0.1588967479831908,0,0.27992673945373114,1428.571427571586
5,single-cutcat-tour,31,158,168,1.0908203125,0.08365166562679129,0,0.07862290380083599,4999.99999900055
5,single-cutcat-tour,549,207,115,1.021484375,0.2708923048299843,0,0.010247422187432102,434.7826076956791
5,single-cutcat-tour,551,149,115,1.0224609375,0.05271314031922919,0,0.04620658827982611,357.14285614286814
5,single-cutcat-tour,219,143,176,1.0283203125,0.0758474599687419,0,0.09419027718526929,2499.9999990002752
5,single-cutcat-tour,91,207,112,1.1455078125,0.24558590511308465,0,0.0554707875922338,434.7826076956371
5,single-cutcat-tour,91,157,627,1.0849609375,0.07657813294328386,0,1.0,999999.999999
5,single-cutcat-tour,19,335,304,1.0283203125,0.37789418693190513,0,0.14457340514989694,999999.999999
5,single-cutcat-tour,27,207,368,1.0283203125,0.37182193236197786,0,0.3233786055067524,999999.999999
5,single-cutcat-tour,69,143,625,1.029296875,0.02778442809521136,0,0.5181894347792302,999999.999999
5,single-cutcat-tour,27,207,177,1.271484375,0.4117033242868191,0,0.19582672815232477,4999.99999900055
6,single-cutcat-tour,31,158,168,1.0908203125,0.08365166562679129,0,0.07862290380083599,4999.99999900055
6,single-cutcat-tour,539,207,113,1.021484375,0.38847619396384375,0,0.08621383018903815,454.5454535454817
6,single-cutcat-tour,219,143,176,1.0283203125,0.0758474599687419,0,0.09419027718526929,2499.9999990002752
6,single-cutcat-tour,551,149,115,1.0224609375,0.05271314031922919,0,0.04620658827982611,357.14285614286814
6,single-cutcat-tour,91,207,112,1.1455078125,0.24558590511308465,0,0.0554707875922338,434.7826076956371
6,single-cutcat-tour,19,335,304,1.0283203125,0.37789418693190513,0,0.14457340514989694,999999.999999
6,single-cutcat-tour,69,143,625,1.029296875,0.02778442809521136,0,0.5181894347792302,999999.999999
6,single-cutcat-tour,27,207,368,1.0283203125,0.37182193236197786,0,0.3233786055067524,999999.999999
6,single-cutcat-tour,27,207,177,1.271484375,0.4117033242868191,0,0.19582672815232477,4999.99999900055
6,single-cutcat-tour,551,286,168,1.0908203125,0.7538321550339454,0,0.713736587609168,9999.999999012203
7,single-cutcat-tour,31,158,168,1.0908203125,0.08365166562679129,0,0.07862290380083599,4999.99999900055
7,single-cutcat-tour,197,143,369,1.029296875,0.06425230022677718,0,0.29589173045246436,999999.999999
7,single-cutcat-tour,551,149,115,1.0224609375,0.05271314031922919,0,0.04620658827982611,357.14285614286814
7,single-cutcat-tour,89,207,112,1.1455078125,0.22978344466398748,0,0.06404288990631585,434.7826076956791
7,single-cutcat-tour,91,207,112,1.1455078125,0.24558590511308465,0,0.0554707875922338,434.7826076956371
7,single-cutcat-tour,19,335,304,1.0283203125,0.37789418693190513,0,0.14457340514989694,999999.999999
7,single-cutcat-tour,69,143,625,1.029296875,0.02778442809521136,0,0.5181894347792302,999999.999999
7,single-cutcat-tour,27,207,368,1.0283203125,0.37182193236197786,0,0.3233786055067524,999999.999999
7,single-cutcat-tour,27,207,177,1.271484375,0.4117033242868191,0,0.19582672815232477,4999.99999900055
7,single-cutcat-tour,551,286,168,1.0908203125,0.7538321550339454,0,0.713736587609168,9999.999999012203
8,single-cutcat-tour,31,158,168,1.0908203125,0.08365166562679129,0,0.07862290380083599,4999.99999900055
8,single-cutcat-tour,197,143,369,1.029296875,0.06425230022677718,0,0.29589173045246436,999999.999999
8,single-cutcat-tour,551,149,115,1.0224609375,0.05271314031922919,0,0.04620658827982611,357.14285614286814
8,single-cutcat-tour,69,143,625,1.029296875,0.02778442809521136,0,0.5181894347792302,999999.999999
8,single-cutcat-tour,19,335,304,1.0283203125,0.37789418693190513,0,0.14457340514989694,999999.999999
8,single-cutcat-tour,31,150,624,1.0283203125,0.07546351416339005,0,0.48503684817505555,999999.999999
8,single-cutcat-tour,27,207,368,1.0283203125,0.37182193236197786,0,0.3233786055067524,999999.999999
8,single-cutcat-tour,551,286,168,1.0908203125,0.7538321550339454,0,0.713736587609168,9999.999999012203
9,single-cutcat-tour,31,158,168,1.0908203125,0.08365166562679129,0,0.07862290380083599,4999.99999900055
9,single-cutcat-tour,67,143,624,1.0283203125,0.03472034589327805,0,0.5089587341984454,999999.999999
9,single-cutcat-tour,197,143,369,1.029296875,0.06425230022677718,0,0.29589173045246436,999999.999999
9,single-cutcat-tour,17,207,241,1.0234375,0.17081749335933244,0,0.5643764045505708,1666.6666656665418
9,single-cutcat-tour,551,149,115,1.0224609375,0.05271314031922919,0,0.04620658827982611,357.14285614286814
9,single-cutcat-tour,89,207,112,1.1455078125,0.22978344466398748,0,0.06404288990631585,434.7826076956791
9,single-cutcat-tour,19,335,304,1.0283203125,0.37789418693190513,0,0.14457340514989694,999999.999999
10,single-cutcat-tour,31,158,168,1.0908203125,0.08365166562679129,0,0.07862290380083599,4999.99999900055
10,single-cutcat-tour,67,143,624,1.0283203125,0.03472034589327805,0,0.5089587341984454,999999.999999
10,single-cutcat-tour,551,149,115,1.0224609375,0.05271314031922919,0,0.04620658827982611,357.14285614286814
10,single-cutcat-tour,69,159,369,1.029296875,0.0626238197244341,0,0.2863409789097187,999999.999999
10,single-cutcat-tour,89,207,112,1.1455078125,0.22978344466398748,0,0.06404288990631585,434.7826076956791
10,single-cutcat-tour,69,143,625,1.029296875,0.02778442809521136,0,0.5181894347792302,999999.999999
10,single-cutcat-tour,19,335,304,1.0283203125,0.37789418693190513,0,0.14457340514989694,999999.999999
10,single-cutcat-tour,601,149,114,1.1455078125,0.10579602045052339,0,0.040999605321770445,399.99999900000853
10,single-cutcat-tour,79,126,624,1.0283203125,0.0,0,0.5502314599324662,999999.999999
10,single-cutcat-tour,551,158,112,1.0908203125,0.10976162643811462,0,0.059603336839019784,399.9999990000263
0,multi-cutcat-tour,577,650,485,1.9443359375,0.8008041768887569,0,0.6240961835445515,999999.999999
0,multi-cutcat-tour,873,743,361,1.9306640625,0.7720647326973232,0,0.3794442572468981,999999.999999
0,multi-cutcat-tour,176,472,1015,1.5810546875,0.21039185619977616,0,0.6359965373981704,999999.999999
0,multi-cutcat-tour,45,455,530,1.943359375,1.0,0,0.33479329856611445,999999.999999
0,multi-cutcat-tour,130,557,865,1.89453125,0.558047776315552,0,0.48408765578145063,999999.999999
0,multi-cutcat-tour,838,669,522,1.6767578125,0.33254126345219176,0,0.44515489872373704,999999.999999
0,multi-cutcat-tour,94,348,920,1.333984375,0.33982205691144907,0,0.5601790520511435,999999.999999
0,multi-cutcat-tour,714,561,357,1.640625,0.22778380687376965,0,0.6941882019291716,999999.999999
0,multi-cutcat-tour,572,838,531,1.009765625,0.015218689868796986,0,0.010332205056938503,999999.999999
0,multi-cutcat-tour,868,894,651,1.8701171875,0.7910960528736972,0,0.8442080673314619,999999.999999
1,multi-cutcat-tour,45,455,530,1.943359375,1.0,0,0.33479329856611445,999999.999999
1,multi-cutcat-tour,94,348,920,1.333984375,0.33982205691144907,0,0.5601790520511435,999999.999999
2,multi-cutcat-tour,44,476,920,1.365234375,0.5883766529582904,0,0.47930427962077843,999999.999999
2,multi-cutcat-tour,45,349,1032,1.333984375,0.36037895491945365,0,0.6029077103477944,999999.999999
2,multi-cutcat-tour,31,452,416,1.943359375,0.144094489384892,0,0.19623156134722977,999999.999999
3,multi-cutcat-tour,41,341,523,1.333984375,0.18946256090358357,0,0.47786170283391616,999999.999999
3,multi-cutcat-tour,173,348,984,1.271484375,0.1801270118216425,0,1.0,999999.999999
3,multi-cutcat-tour,12,460,408,1.865234375,0.4554254635108144,0,0.35182939805681124,999999.999999
3,multi-cutcat-tour,15,476,920,1.318359375,0.34919833372393616,0,0.4295285045723789,999999.999999
4,multi-cutcat-tour,12,460,408,1.865234375,0.4554254635108144,0,0.35182939805681124,999999.999999
4,multi-cutcat-tour,11,212,411,1.255859375,0.27490913951984686,0,0.3194278881428542,9999.999999012203
5,multi-cutcat-tour,7,464,408,1.755859375,0.4605643392227518,0,0.18087462456492998,285.71428471428095
5,multi-cutcat-tour,12,347,411,1.833984375,0.2580023005182073,0,0.38301523696860135,999999.999999
5,multi-cutcat-tour,12,212,410,1.818359375,0.08231570385502006,0,0.41671242276055803,999999.999999
5,multi-cutcat-tour,12,212,376,1.865234375,0.08751088754542438,0,1.0,9999.999999012203
5,multi-cutcat-tour,11,212,411,1.255859375,0.27490913951984686,0,0.3194278881428542,9999.999999012203
5,multi-cutcat-tour,12,460,408,1.865234375,0.4554254635108144,0,0.35182939805681124,999999.999999
5,multi-cutcat-tour,11,212,409,1.349609375,0.2666428855907638,0,0.24094011454804531,9999.999999012203
6,multi-cutcat-tour,7,464,408,1.755859375,0.4605643392227518,0,0.18087462456492998,285.71428471428095
6,multi-cutcat-tour,10,220,360,1.365234375,0.08150472567454001,0,0.19221321425428764,3333.3333323337006
6,multi-cutcat-tour,7,208,539,1.833984375,0.0,0,0.975803057337536,434.7826076956791
6,multi-cutcat-tour,4,475,408,1.818359375,0.4844628525272123,0,0.4353594550189158,8.539708649871898
6,multi-cutcat-tour,11,212,411,1.255859375,0.27490913951984686,0,0.3194278881428542,9999.999999012203
6,multi-cutcat-tour,11,200,408,1.255859375,0.016824481441776434,0,0.22703153707596901,9999.999999012203
6,multi-cutcat-tour,11,212,409,1.349609375,0.2666428855907638,0,0.24094011454804531,9999.999999012203
7,multi-cutcat-tour,7,464,408,1.755859375,0.4605643392227518,0,0.18087462456492998,285.71428471428095
7,multi-cutcat-tour,10,220,360,1.365234375,0.08150472567454001,0,0.19221321425428764,3333.3333323337006
7,multi-cutcat-tour,7,464,408,1.880859375,0.6277237030648902,0,0.18877177808210566,227.27272627272365
7,multi-cutcat-tour,11,200,408,1.255859375,0.016824481441776434,0,0.22703153707596901,9999.999999012203
7,multi-cutcat-tour,11,212,409,1.349609375,0.2666428855907638,0,0.24094011454804531,9999.999999012203
8,multi-cutcat-tour,7,464,408,1.755859375,0.4605643392227518,0,0.18087462456492998,285.71428471428095
8,multi-cutcat-tour,10,220,360,1.365234375,0.08150472567454001,0,0.19221321425428764,3333.3333323337006
8,multi-cutcat-tour,11,208,408,1.755859375,0.10722702749593524,0,0.27056557245830587,9999.999999012203
8,multi-cutcat-tour,10,456,408,1.255859375,0.07442832496370877,0,0.30927085670170407,4999.99999900055
8,multi-cutcat-tour,7,464,152,1.880859375,0.06936093320087584,0,0.0,29.239765081871337
8,multi-cutcat-tour,10,208,536,1.880859375,0.01737332365396539,0,0.4357439256857612,999999.999999
8,multi-cutcat-tour,7,208,539,1.833984375,0.0,0,0.975803057337536,434.7826076956791
8,multi-cutcat-tour,11,456,152,1.255859375,0.5744985475559962,0,0.0,136.9863003698656
8,multi-cutcat-tour,11,200,408,1.255859375,0.016824481441776434,0,0.22703153707596901,9999.999999012203
8,multi-cutcat-tour,11,200,376,1.255859375,0.020457161333993425,0,0.21054101876618758,4999.99999900055
9,multi-cutcat-tour,10,220,360,1.365234375,0.08150472567454001,0,0.19221321425428764,3333.3333323337006
9,multi-cutcat-tour,7,208,536,1.802734375,0.011920227247935707,0,0.2766674193921159,434.7826076956371
9,multi-cutcat-tour,11,456,152,1.255859375,0.5744985475559962,0,0.0,136.9863003698656
9,multi-cutcat-tour,11,212,536,1.326171875,0.07525331200239177,0,0.38575960069505183,999999.999999
9,multi-cutcat-tour,11,200,376,1.255859375,0.020457161333993425,0,0.21054101876618758,4999.99999900055
10,multi-cutcat-tour,7,464,408,1.755859375,0.4605643392227518,0,0.18087462456492998,285.71428471428095
10,multi-cutcat-tour,10,220,360,1.365234375,0.08150472567454001,0,0.19221321425428764,3333.3333323337006
10,multi-cutcat-tour,11,200,616,1.287109375,0.00987658980872541,0,0.498940883487642,999999.999999
10,multi-cutcat-tour,11,208,408,1.755859375,0.10722702749593524,0,0.27056557245830587,9999.999999012203
10,multi-cutcat-tour,586,460,112,1.318359375,1.0,0,0.3935932462504201,999999.999999
10,multi-cutcat-tour,7,208,536,1.802734375,0.011920227247935707,0,0.2766674193921159,434.7826076956371
10,multi-cutcat-tour,7,208,539,1.833984375,0.0,0,0.975803057337536,434.7826076956791
10,multi-cutcat-tour,11,176,516,1.505859375,0.027042571333397367,0,0.45175294914650477,999999.999999
10,multi-cutcat-tour,11,456,152,1.255859375,0.5744985475559962,0,0.0,136.9863003698656
0,single-cutcat-unif,240,109,657,1.5546875,0.15906372351217596,0,0.8915641974606232,1.0
0,single-cutcat-unif,831,603,260,1.201171875,0.3819600488867487,0,0.4338136905872145,1.0
0,single-cutcat-unif,955,655,926,1.2490234375,0.44743584629074296,0,0.9497231760591405,1.0
0,single-cutcat-unif,577,608,967,1.765625,0.5271233639745135,0,0.6400069872594492,1.0
0,single-cutcat-unif,632,785,748,1.6669921875,0.3850167360930782,0,0.4326427442610786,1.0
0,single-cutcat-unif,69,307,235,1.9921875,0.3912394943591049,0,0.24008955956541012,1.0
0,single-cutcat-unif,762,131,474,1.6357421875,0.20054870901715494,0,0.7352313539746409,1.0
0,single-cutcat-unif,1022,1013,617,1.88671875,0.6726091886877914,0,0.6100259708072898,1.0
0,single-cutcat-unif,889,344,675,1.4931640625,0.44695673109730955,0,0.9393563981805444,1.0
0,single-cutcat-unif,531,330,610,1.771484375,0.2514595113177667,0,0.40306692913679726,1.0
1,single-cutcat-unif,240,109,657,1.5546875,0.15906372351217596,0,0.8915641974606232,1.0
1,single-cutcat-unif,1,304,299,1.9951171875,0.0012313067130243953,0,0.14869038392851125,0.010700000000000043
1,single-cutcat-unif,65,304,199,1.515625,0.49083872119191074,0,0.22589187956035978,1.0
1,single-cutcat-unif,831,603,260,1.201171875,0.3819600488867487,0,0.4338136905872145,1.0
2,single-cutcat-unif,369,160,675,1.2744140625,0.32694514976099015,0,0.805449198348686,1.0
2,single-cutcat-unif,1,304,299,1.9951171875,0.0012313067130243953,0,0.14869038392851125,0.010700000000000043
2,single-cutcat-unif,15,603,196,1.201171875,0.3164888915476007,0,0.018518743637201695,0.9995
2,single-cutcat-unif,69,307,235,1.9921875,0.3912394943591049,0,0.24008955956541012,1.0
3,single-cutcat-unif,369,160,675,1.2744140625,0.32694514976099015,0,0.805449198348686,1.0
3,single-cutcat-unif,10,899,474,1.1357421875,0.3671778289112384,0,0.2867695957193016,1.0
3,single-cutcat-unif,543,115,474,1.638671875,0.1628123998569134,0,1.0,1.0
3,single-cutcat-unif,69,307,235,1.9921875,0.3912394943591049,0,0.24008955956541012,1.0
3,single-cutcat-unif,831,603,260,1.201171875,0.3819600488867487,0,0.4338136905872145,1.0
3,single-cutcat-unif,1,304,299,1.9951171875,0.0012313067130243953,0,0.14869038392851125,0.010700000000000043
3,single-cutcat-unif,527,475,164,1.451171875,0.343748747749448,0,1.0,1.0
4,single-cutcat-unif,369,160,675,1.2744140625,0.32694514976099015,0,0.805449198348686,1.0
4,single-cutcat-unif,240,109,657,1.5546875,0.15906372351217596,0,0.8915641974606232,1.0
4,single-cutcat-unif,543,115,474,1.638671875,0.1628123998569134,0,1.0,1.0
4,single-cutcat-unif,1,604,475,1.5263671875,0.01298247912337803,0,0.16813871835133806,0.0031999999999999806
4,single-cutcat-unif,11,899,474,1.134765625,0.7848959414227149,0,0.4671249315999019,0.9999000000000001
4,single-cutcat-unif,1,304,299,1.9951171875,0.0012313067130243953,0,0.14869038392851125,0.010700000000000043
5,single-cutcat-unif,10,899,474,1.1357421875,0.3671778289112384,0,0.2867695957193016,1.0
5,single-cutcat-unif,369,160,675,1.2744140625,0.32694514976099015,0,0.805449198348686,1.0
5,single-cutcat-unif,113,898,481,1.1337890625,0.8037081907642843,0,0.6250855708813706,1.0
5,single-cutcat-unif,1,604,475,1.5263671875,0.01298247912337803,0,0.16813871835133806,0.0031999999999999806
5,single-cutcat-unif,831,603,260,1.201171875,0.3819600488867487,0,0.4338136905872145,1.0
5,single-cutcat-unif,251,611,132,1.701171875,1.0,0,0.37995038966515565,1.0
5,single-cutcat-unif,1,304,299,1.9951171875,0.0012313067130243953,0,0.14869038392851125,0.010700000000000043
6,single-cutcat-unif,369,160,675,1.2744140625,0.32694514976099015,0,0.805449198348686,1.0
6,single-cutcat-unif,2,611,474,1.0146484375,0.04266862302766565,0,0.0,0.027100000000000013
6,single-cutcat-unif,11,323,298,1.931640625,0.3938612992969944,0,0.2419601695367338,0.9993000000000001
6,single-cutcat-unif,17,240,299,1.9638671875,0.23058784471726865,0,1.0,1.0
6,single-cutcat-unif,1,304,299,1.9951171875,0.0012313067130243953,0,0.14869038392851125,0.010700000000000043
7,single-cutcat-unif,369,160,675,1.2744140625,0.32694514976099015,0,0.805449198348686,1.0
7,single-cutcat-unif,1,604,475,1.5263671875,0.01298247912337803,0,0.16813871835133806,0.0031999999999999806
7,single-cutcat-unif,2,611,474,1.0146484375,0.04266862302766565,0,0.0,0.027100000000000013
7,single-cutcat-unif,17,240,299,1.962890625,0.23311560934351735,0,0.4656583987253913,1.0
7,single-cutcat-unif,11,323,298,1.931640625,0.3938612992969944,0,0.2419601695367338,0.9993000000000001
7,single-cutcat-unif,17,240,299,1.9638671875,0.23058784471726865,0,1.0,1.0
7,single-cutcat-unif,11,240,427,1.2138671875,0.2967998994107814,0,0.35398485320411005,0.9999000000000001
7,single-cutcat-unif,11,131,930,1.384765625,0.17541340582987663,0,0.6368255399552238,1.0
7,single-cutcat-unif,1,304,299,1.9951171875,0.0012313067130243953,0,0.14869038392851125,0.010700000000000043
8,single-cutcat-unif,2,611,474,1.0146484375,0.04266862302766565,0,0.0,0.027100000000000013
8,single-cutcat-unif,257,284,474,1.0888671875,0.3168427471376319,0,0.5162668878514162,1.0
8,single-cutcat-unif,17,240,299,1.962890625,0.23311560934351735,0,0.4656583987253913,1.0
8,single-cutcat-unif,1,296,563,1.2138671875,0.0036035050406901708,0,0.21710166525271335,0.010700000000000043
8,single-cutcat-unif,11,323,298,1.931640625,0.3938612992969944,0,0.2419601695367338,0.9993000000000001
8,single-cutcat-unif,11,240,427,1.2138671875,0.2967998994107814,0,0.35398485320411005,0.9999000000000001
8,single-cutcat-unif,11,131,930,1.384765625,0.17541340582987663,0,0.6368255399552238,1.0
9,single-cutcat-unif,369,160,675,1.2744140625,0.32694514976099015,0,0.805449198348686,1.0
9,single-cutcat-unif,11,611,416,1.009765625,0.4932533047336166,0,0.35378145042358367,0.9998
9,single-cutcat-unif,2,611,474,1.0146484375,0.04266862302766565,0,0.0,0.027100000000000013
9,single-cutcat-unif,1,336,307,1.9404296875,0.00397402588474426,0,0.20844689414967482,0.0043999999999999595
9,single-cutcat-unif,257,284,474,1.0888671875,0.3168427471376319,0,0.5162668878514162,1.0
9,single-cutcat-unif,1,296,563,1.2138671875,0.0036035050406901708,0,0.21710166525271335,0.010700000000000043
9,single-cutcat-unif,11,323,298,1.931640625,0.3938612992969944,0,0.2419601695367338,0.9993000000000001
9,single-cutcat-unif,11,131,930,1.384765625,0.17541340582987663,0,0.6368255399552238,1.0
9,single-cutcat-unif,11,240,427,1.2138671875,0.2967998994107814,0,0.35398485320411005,0.9999000000000001
9,single-cutcat-unif,17,816,171,1.9306640625,1.0,0,0.19146775239927516,0.9990000000000001
10,single-cutcat-unif,2,611,474,1.0146484375,0.04266862302766565,0,0.0,0.027100000000000013
10,single-cutcat-unif,11,611,416,1.009765625,0.4932533047336166,0,0.35378145042358367,0.9998
10,single-cutcat-unif,11,240,555,1.2138671875,0.2762357818375639,0,0.4102420699588548,1.0
10,single-cutcat-unif,1,320,299,1.939453125,0.0005229576934646454,0,0.20514323376004326,0.01100000000000001
10,single-cutcat-unif,11,323,298,1.931640625,0.3938612992969944,0,0.2419601695367338,0.9993000000000001
10,single-cutcat-unif,11,131,930,1.384765625,0.17541340582987663,0,0.6368255399552238,1.0
10,single-cutcat-unif,11,240,427,1.2138671875,0.2967998994107814,0,0.35398485320411005,0.9999000000000001
0,multi-cutcat-unif,932,626,384,1.0390625,0.4899567469517297,0,1.0,1.0
0,multi-cutcat-unif,778,499,805,1.10546875,0.4426430331959638,0,0.7602094359139159,1.0
0,multi-cutcat-unif,920,224,330,1.6845703125,0.24782486270537857,0,0.40390706637446017,1.0
0,multi-cutcat-unif,887,784,423,1.193359375,0.3004205475315394,0,0.2156114575488537,1.0
0,multi-cutcat-unif,540,507,521,1.4833984375,0.2314859929702939,0,0.7383912813172695,1.0
0,multi-cutcat-unif,350,444,393,1.5458984375,0.22648958670027358,0,0.4429613767764767,1.0
0,multi-cutcat-unif,819,998,322,1.8916015625,1.0,0,0.5562884738924141,1.0
0,multi-cutcat-unif,894,559,689,1.70703125,0.36084461671367163,0,1.0,1.0
0,multi-cutcat-unif,47,484,756,1.1640625,0.04428129057806595,0,0.23526783802364507,1.0
0,multi-cutcat-unif,740,581,246,1.890625,0.7040795201277414,0,0.45261819698182115,1.0
1,multi-cutcat-unif,932,626,384,1.0390625,0.4899567469517297,0,1.0,1.0
1,multi-cutcat-unif,946,110,320,1.2890625,0.0,0,0.06801562034016861,1.0
2,multi-cutcat-unif,84,190,842,1.2919921875,0.25304032994826964,0,0.9164647709812506,1.0
2,multi-cutcat-unif,782,484,757,1.0390625,0.39147058431401693,0,0.7340431274290247,1.0
2,multi-cutcat-unif,302,744,373,1.1640625,0.9856573648460539,0,0.3789939846578016,1.0
2,multi-cutcat-unif,932,626,384,1.0390625,0.4899567469517297,0,1.0,1.0
3,multi-cutcat-unif,796,651,545,1.0390625,0.4744964885415299,0,0.4409372437512039,1.0
3,multi-cutcat-unif,932,626,384,1.0390625,0.4899567469517297,0,1.0,1.0
3,multi-cutcat-unif,894,772,171,1.16015625,0.8701324551003362,0,0.30750254419010414,1.0
3,multi-cutcat-unif,599,146,455,1.2001953125,0.190237521754991,0,0.7098696303821127,1.0
4,multi-cutcat-unif,302,744,373,1.0390625,0.8624950053827082,0,0.45094771122752864,1.0
4,multi-cutcat-unif,87,114,843,1.2939453125,0.15431926869788665,0,0.6971868979711296,1.0
4,multi-cutcat-unif,894,772,171,1.16015625,0.8701324551003362,0,0.30750254419010414,1.0
4,multi-cutcat-unif,932,626,384,1.0390625,0.4899567469517297,0,1.0,1.0
4,multi-cutcat-unif,302,744,373,1.166015625,0.9607383225687307,0,0.40582417971980383,1.0
4,multi-cutcat-unif,599,146,455,1.2001953125,0.190237521754991,0,0.7098696303821127,1.0
5,multi-cutcat-unif,302,744,373,1.0390625,0.8624950053827082,0,0.45094771122752864,1.0
5,multi-cutcat-unif,934,106,424,1.16015625,0.004024386080583815,0,0.5128978812839924,1.0
5,multi-cutcat-unif,894,772,171,1.16015625,0.8701324551003362,0,0.30750254419010414,1.0
5,multi-cutcat-unif,284,648,159,1.0390625,0.7640958633937057,0,0.5419555719590159,0.9997
6,multi-cutcat-unif,934,106,424,1.16015625,0.004024386080583815,0,0.5128978812839924,1.0
6,multi-cutcat-unif,890,234,168,1.16015625,0.2262995503031671,0,0.19940540137869558,0.9999000000000001
6,multi-cutcat-unif,894,772,171,1.16015625,0.8701324551003362,0,0.30750254419010414,1.0
6,multi-cutcat-unif,284,648,159,1.0390625,0.7640958633937057,0,0.5419555719590159,0.9997
7,multi-cutcat-unif,366,754,219,1.1640625,0.6461768120754924,0,1.0,1.0
7,multi-cutcat-unif,159,137,159,1.2939453125,0.20475650413350696,0,0.4259260513369233,1.0
7,multi-cutcat-unif,890,234,168,1.16015625,0.2262995503031671,0,0.19940540137869558,0.9999000000000001
7,multi-cutcat-unif,894,260,105,1.16015625,0.2593786718929972,0,0.056291091055840445,0.9973000000000001
7,multi-cutcat-unif,934,106,424,1.16015625,0.004024386080583815,0,0.5128978812839924,1.0
7,multi-cutcat-unif,380,634,136,1.03515625,0.4551276019238467,0,0.08426974843540522,0.9992
8,multi-cutcat-unif,892,114,472,1.03515625,0.0028091136818676967,0,0.6060805681747521,1.0
8,multi-cutcat-unif,796,665,151,1.0390625,0.7441366066493547,0,0.13352426994021196,0.9998
8,multi-cutcat-unif,159,137,159,1.2939453125,0.20475650413350696,0,0.4259260513369233,1.0
8,multi-cutcat-unif,890,234,168,1.16015625,0.2262995503031671,0,0.19940540137869558,0.9999000000000001
8,multi-cutcat-unif,894,260,105,1.16015625,0.2593786718929972,0,0.056291091055840445,0.9973000000000001
8,multi-cutcat-unif,444,777,105,1.03515625,0.86862615710916,0,0.08713163961304041,0.9984999999999999
9,multi-cutcat-unif,892,114,472,1.03515625,0.0028091136818676967,0,0.6060805681747521,1.0
9,multi-cutcat-unif,159,137,159,1.2939453125,0.20475650413350696,0,0.4259260513369233,1.0
9,multi-cutcat-unif,890,234,168,1.16015625,0.2262995503031671,0,0.19940540137869558,0.9999000000000001
9,multi-cutcat-unif,894,772,171,1.16015625,0.8701324551003362,0,0.30750254419010414,1.0
9,multi-cutcat-unif,894,260,105,1.16015625,0.2593786718929972,0,0.056291091055840445,0.9973000000000001
9,multi-cutcat-unif,894,114,456,1.03515625,0.005752158389229608,0,0.5827152680341984,1.0
9,multi-cutcat-unif,1022,108,171,1.16015625,0.007516754296076948,0,1.0,0.9994
9,multi-cutcat-unif,890,238,176,1.16015625,0.2326207737479363,0,0.18640833004471494,0.9999000000000001
9,multi-cutcat-unif,156,153,149,1.0439453125,0.06748239955617519,0,0.19471719626248776,0.9995
9,multi-cutcat-unif,923,233,159,1.1611328125,0.22312725195400984,0,0.051849147534705986,0.9997
10,multi-cutcat-unif,892,114,472,1.03515625,0.0028091136818676967,0,0.6060805681747521,1.0
10,multi-cutcat-unif,894,242,104,1.03515625,0.20888516732984144,0,0.0,0.9972000000000001
10,multi-cutcat-unif,890,234,168,1.16015625,0.2262995503031671,0,0.19940540137869558,0.9999000000000001
10,multi-cutcat-unif,894,772,171,1.16015625,0.8701324551003362,0,0.30750254419010414,1.0
10,multi-cutcat-unif,894,114,456,1.03515625,0.005752158389229608,0,0.5827152680341984,1.0
10,multi-cutcat-unif,890,238,176,1.16015625,0.2326207737479363,0,0.18640833004471494,0.9999000000000001
10,multi-cutcat-unif,223,137,149,1.2646484375,0.19064490057620426,0,0.3544615521006422,1.0
10,multi-cutcat-unif,1018,874,171,1.16015625,1.0,0,0.23822792618801206,1.0
10,multi-cutcat-unif,158,114,432,1.16015625,0.017193167129878777,0,0.5781452684836257,1.0
10,multi-cutcat-unif,923,233,159,1.1611328125,0.22312725195400984,0,0.051849147534705986,0.9997
0,single-cutcat-tour,130,559,930,1.955078125,0.7462170402025999,0,0.5311071325541227,1.0
0,single-cutcat-tour,901,681,215,1.7041015625,0.5165689003422846,0,0.18497939132108118,1.0
0,single-cutcat-tour,266,274,311,1.224609375,0.1233744186286243,0,0.5030069857025743,1.0
0,single-cutcat-tour,46,512,206,1.7529296875,0.24241861528725636,0,0.18990881671289467,1.0
0,single-cutcat-tour,242,650,705,1.0390625,0.04754302819963435,0,0.44622756212954345,1.0
0,single-cutcat-tour,495,239,606,1.83984375,0.19481192702428657,0,0.49980471039206015,1.0
0,single-cutcat-tour,882,374,418,1.2021484375,0.08781085804592634,0,0.36902019134917374,1.0
0,single-cutcat-tour,677,287,332,1.9853515625,0.2528253384633347,0,0.2676045269575222,1.0
0,single-cutcat-tour,506,207,843,1.298828125,0.07977787253120187,0,0.417131566222409,1.0
0,single-cutcat-tour,524,360,220,1.666015625,0.23125999317195103,0,0.3174609893304503,1.0
1,single-cutcat-tour,266,274,311,1.224609375,0.1233744186286243,0,0.5030069857025743,1.0
1,single-cutcat-tour,506,207,843,1.298828125,0.07977787253120187,0,0.417131566222409,1.0
1,single-cutcat-tour,12,572,220,1.916015625,0.09594820627018329,0,0.037247470749104124,0.9987999999999999
2,single-cutcat-tour,504,188,844,1.416015625,0.0766914898744442,0,0.41089272706298946,1.0
2,single-cutcat-tour,266,274,311,1.224609375,0.1233744186286243,0,0.5030069857025743,1.0
2,single-cutcat-tour,12,572,220,1.916015625,0.09594820627018329,0,0.037247470749104124,0.9987999999999999
2,single-cutcat-tour,268,604,320,1.166015625,0.26681992998973936,0,0.37030237615175465,1.0
2,single-cutcat-tour,266,210,839,1.302734375,0.08004034144775647,0,0.394021902059734,1.0
2,single-cutcat-tour,504,204,221,1.291015625,0.010048559255287425,0,0.806781739397604,1.0
3,single-cutcat-tour,12,531,183,1.474609375,0.18690744743784735,0,0.0249086945229646,0.9974000000000001
3,single-cutcat-tour,266,274,311,1.224609375,0.1233744186286243,0,0.5030069857025743,1.0
3,single-cutcat-tour,320,188,836,1.306640625,0.01987699837002446,0,0.9162431828468874,1.0
3,single-cutcat-tour,12,572,220,1.916015625,0.09594820627018329,0,0.037247470749104124,0.9987999999999999
3,single-cutcat-tour,12,266,183,1.412109375,0.0,0,0.021830346432647352,0.9974000000000001
3,single-cutcat-tour,268,604,320,1.166015625,0.26681992998973936,0,0.37030237615175465,1.0
4,single-cutcat-tour,12,274,183,1.412109375,0.18133620807246467,0,0.0024961841927409294,0.9976
4,single-cutcat-tour,12,264,188,1.916015625,0.044035720059706275,0,0.03463195998831807,0.9974
4,single-cutcat-tour,12,531,183,1.474609375,0.18690744743784735,0,0.0249086945229646,0.9974000000000001
4,single-cutcat-tour,377,188,844,1.298828125,0.017126406590567148,0,1.0,1.0
4,single-cutcat-tour,266,274,311,1.224609375,0.1233744186286243,0,0.5030069857025743,1.0
4,single-cutcat-tour,320,188,836,1.306640625,0.01987699837002446,0,0.9162431828468874,1.0
4,single-cutcat-tour,12,572,220,1.916015625,0.09594820627018329,0,0.037247470749104124,0.9987999999999999
4,single-cutcat-tour,12,266,183,1.412109375,0.0,0,0.021830346432647352,0.9974000000000001
4,single-cutcat-tour,44,530,183,1.34765625,0.3476763483675221,0,0.8351742028641064,1.0
4,single-cutcat-tour,268,604,320,1.166015625,0.26681992998973936,0,0.37030237615175465,1.0
5,single-cutcat-tour,12,274,183,1.412109375,0.18133620807246467,0,0.0024961841927409294,0.9976
5,single-cutcat-tour,12,264,188,1.916015625,0.044035720059706275,0,0.03463195998831807,0.9974
5,single-cutcat-tour,12,572,353,1.66796875,0.5225987750386272,0,0.17891424867322378,0.9999000000000001
5,single-cutcat-tour,12,531,183,1.474609375,0.18690744743784735,0,0.0249086945229646,0.9974000000000001
5,single-cutcat-tour,12,572,220,1.916015625,0.09594820627018329,0,0.037247470749104124,0.9987999999999999
5,single-cutcat-tour,5,573,220,1.416015625,0.0831053466738519,0,0.23974278199922422,0.9443
5,single-cutcat-tour,12,266,183,1.412109375,0.0,0,0.021830346432647352,0.9974000000000001
5,single-cutcat-tour,44,530,183,1.34765625,0.3476763483675221,0,0.8351742028641064,1.0
5,single-cutcat-tour,10,594,181,1.224609375,0.16044863028063852,0,0.0,0.9948000000000001
5,single-cutcat-tour,322,236,180,1.3076171875,0.07874617930129252,0,0.3860453853449416,1.0
6,single-cutcat-tour,12,274,183,1.412109375,0.18133620807246467,0,0.0024961841927409294,0.9976
6,single-cutcat-tour,12,264,188,1.916015625,0.044035720059706275,0,0.03463195998831807,0.9974
6,single-cutcat-tour,12,572,353,1.66796875,0.5225987750386272,0,0.17891424867322378,0.9999000000000001
6,single-cutcat-tour,12,531,183,1.474609375,0.18690744743784735,0,0.0249086945229646,0.9974000000000001
6,single-cutcat-tour,12,268,220,1.431640625,0.033903959179598285,0,0.06511008115643162,0.9984999999999999
7,single-cutcat-tour,12,274,183,1.412109375,0.18133620807246467,0,0.0024961841927409294,0.9976
7,single-cutcat-tour,12,572,353,1.66796875,0.5225987750386272,0,0.17891424867322378,0.9999000000000001
7,single-cutcat-tour,12,268,220,1.431640625,0.033903959179598285,0,0.06511008115643162,0.9984999999999999
7,single-cutcat-tour,12,271,223,1.474609375,0.030659018956836114,0,0.1261718408589129,0.9986
7,single-cutcat-tour,12,266,223,1.912109375,0.20516302287572738,0,0.8315835378132439,0.9987
7,single-cutcat-tour,12,572,352,1.419921875,0.5048996923252921,0,0.23987540784985792,0.9999000000000001
7,single-cutcat-tour,12,572,220,1.916015625,0.09594820627018329,0,0.037247470749104124,0.9987999999999999
7,single-cutcat-tour,556,270,183,1.412109375,0.06206619428527304,0,0.6928684434862683,1.0
7,single-cutcat-tour,12,274,287,1.169921875,0.02109219080120131,0,0.20468407005774802,0.9994
7,single-cutcat-tour,12,1042,309,1.662109375,1.0,0,0.1831503620453713,0.9998
8,single-cutcat-tour,12,252,220,1.666015625,0.02711398568898112,0,0.07594212775012892,0.9982
8,single-cutcat-tour,12,274,220,1.478515625,0.03316011917441299,0,0.12397731115961094,0.9987
8,single-cutcat-tour,12,268,220,1.431640625,0.033903959179598285,0,0.06511008115643162,0.9984999999999999
8,single-cutcat-tour,12,271,223,1.474609375,0.030659018956836114,0,0.1261718408589129,0.9986
8,single-cutcat-tour,12,572,220,1.916015625,0.09594820627018329,0,0.037247470749104124,0.9987999999999999
8,single-cutcat-tour,556,270,183,1.412109375,0.06206619428527304,0,0.6928684434862683,1.0
8,single-cutcat-tour,12,140,348,1.416015625,0.0,0,0.25514305293598305,0.9998
8,single-cutcat-tour,12,274,287,1.169921875,0.02109219080120131,0,0.20468407005774802,0.9994
8,single-cutcat-tour,28,572,220,1.416015625,0.13682824087707762,0,0.2983680045803287,1.0
8,single-cutcat-tour,12,252,185,1.41796875,0.01556549880808322,0,0.0921994979534636,0.9975
9,single-cutcat-tour,4,527,223,1.919921875,0.044333516964176124,0,0.0,0.695
9,single-cutcat-tour,12,252,220,1.666015625,0.02711398568898112,0,0.07594212775012892,0.9982
9,single-cutcat-tour,12,274,220,1.478515625,0.03316011917441299,0,0.12397731115961094,0.9987
9,single-cutcat-tour,12,268,220,1.431640625,0.033903959179598285,0,0.06511008115643162,0.9984999999999999
9,single-cutcat-tour,12,271,223,1.474609375,0.030659018956836114,0,0.1261718408589129,0.9986
9,single-cutcat-tour,12,572,220,1.916015625,0.09594820627018329,0,0.037247470749104124,0.9987999999999999
9,single-cutcat-tour,556,270,183,1.412109375,0.06206619428527304,0,0.6928684434862683,1.0
9,single-cutcat-tour,12,140,348,1.416015625,0.0,0,0.25514305293598305,0.9998
9,single-cutcat-tour,12,274,287,1.169921875,0.02109219080120131,0,0.20468407005774802,0.9994
9,single-cutcat-tour,28,572,220,1.416015625,0.13682824087707762,0,0.2983680045803287,1.0
10,single-cutcat-tour,4,527,223,1.919921875,0.044333516964176124,0,0.0,0.695
10,single-cutcat-tour,12,252,220,1.666015625,0.02711398568898112,0,0.07594212775012892,0.9982
10,single-cutcat-tour,12,268,220,1.431640625,0.033903959179598285,0,0.06511008115643162,0.9984999999999999
10,single-cutcat-tour,12,271,223,1.474609375,0.030659018956836114,0,0.1261718408589129,0.9986
10,single-cutcat-tour,12,140,340,1.916015625,0.003470883792763175,0,0.2462471325445271,0.9999000000000001
10,single-cutcat-tour,12,268,220,1.4169921875,0.03207243445804591,0,0.11478245338920257,0.9987
10,single-cutcat-tour,12,572,220,1.916015625,0.09594820627018329,0,0.037247470749104124,0.9987999999999999
10,single-cutcat-tour,556,270,183,1.412109375,0.06206619428527304,0,0.6928684434862683,1.0
10,single-cutcat-tour,12,140,348,1.416015625,0.0,0,0.25514305293598305,0.9998
10,single-cutcat-tour,12,274,287,1.169921875,0.02109219080120131,0,0.20468407005774802,0.9994
0,multi-cutcat-tour,377,298,633,1.84765625,0.2466292328739531,0,0.5888798330449546,1.0
0,multi-cutcat-tour,939,151,133,1.666015625,0.053867999112333316,0,0.7171601800995467,1.0
0,multi-cutcat-tour,141,893,232,1.2578125,0.12359363381807262,0,0.6039612521235381,1.0
0,multi-cutcat-tour,572,653,107,1.6025390625,1.0,0,0.27066213104784936,1.0
0,multi-cutcat-tour,671,349,469,1.2060546875,0.07586230973540295,0,0.8899333612438557,1.0
0,multi-cutcat-tour,239,702,797,1.8251953125,1.0,0,0.7154704600991001,1.0
0,multi-cutcat-tour,808,376,247,1.8203125,0.2211373418307016,0,0.4031362041504914,1.0
0,multi-cutcat-tour,593,1023,604,1.25390625,0.13075637316174618,0,0.49289763097157563,1.0
0,multi-cutcat-tour,40,467,756,1.4189453125,0.06872118545750426,0,0.37967780191577766,1.0
0,multi-cutcat-tour,82,749,574,1.1123046875,0.037709967321276835,0,0.301527915744297,1.0
1,multi-cutcat-tour,121,746,124,1.09375,0.42696677123298366,0,0.3311290192840506,0.9993000000000001
1,multi-cutcat-tour,98,431,564,1.1123046875,0.0402068005505452,0,0.8204114098853268,1.0
1,multi-cutcat-tour,939,151,133,1.666015625,0.053867999112333316,0,0.7171601800995467,1.0
1,multi-cutcat-tour,888,376,121,1.349609375,0.16380650158490626,0,0.28257369347443717,1.0
2,multi-cutcat-tour,120,428,372,1.111328125,0.05776710246870202,0,0.25093891781986877,1.0
2,multi-cutcat-tour,114,746,188,1.109375,0.3024878723822974,0,0.6638612437842348,1.0
2,multi-cutcat-tour,97,430,572,1.03125,0.12384962984157158,0,1.0,1.0
2,multi-cutcat-tour,121,746,124,1.09375,0.42696677123298366,0,0.3311290192840506,0.9993000000000001
2,multi-cutcat-tour,376,486,128,1.09375,0.04310915994449573,0,0.11961505766227358,0.9992
3,multi-cutcat-tour,120,428,372,1.111328125,0.05776710246870202,0,0.25093891781986877,1.0
3,multi-cutcat-tour,114,746,188,1.109375,0.3024878723822974,0,0.6638612437842348,1.0
3,multi-cutcat-tour,97,430,572,1.03125,0.12384962984157158,0,1.0,1.0
3,multi-cutcat-tour,939,151,133,1.666015625,0.053867999112333316,0,0.7171601800995467,1.0
3,multi-cutcat-tour,121,746,124,1.09375,0.42696677123298366,0,0.3311290192840506,0.9993000000000001
3,multi-cutcat-tour,124,746,121,1.09375,0.11642900914762311,0,0.23538815697218082,0.9992
3,multi-cutcat-tour,120,422,116,1.1103515625,0.09868508487201441,0,0.0,0.9989
3,multi-cutcat-tour,368,486,128,1.09375,0.03620094727007987,0,0.08519643730738406,0.9992
4,multi-cutcat-tour,97,430,572,1.03125,0.12384962984157158,0,1.0,1.0
4,multi-cutcat-tour,114,746,188,1.109375,0.3024878723822974,0,0.6638612437842348,1.0
4,multi-cutcat-tour,939,151,133,1.666015625,0.053867999112333316,0,0.7171601800995467,1.0
4,multi-cutcat-tour,120,428,116,1.1123046875,0.17038826491556316,0,0.3925714086173659,0.9984999999999999
4,multi-cutcat-tour,120,430,372,1.111328125,0.17242948252888457,0,1.0,1.0
4,multi-cutcat-tour,121,746,124,1.09375,0.42696677123298366,0,0.3311290192840506,0.9993000000000001
4,multi-cutcat-tour,120,422,116,1.1103515625,0.09868508487201441,0,0.0,0.9989
4,multi-cutcat-tour,376,491,124,1.109375,0.12336130762297595,0,0.05529376140162865,0.9989
5,multi-cutcat-tour,120,428,372,1.111328125,0.05776710246870202,0,0.25093891781986877,1.0
5,multi-cutcat-tour,114,746,188,1.109375,0.3024878723822974,0,0.6638612437842348,1.0
5,multi-cutcat-tour,97,430,572,1.03125,0.12384962984157158,0,1.0,1.0
5,multi-cutcat-tour,939,151,133,1.666015625,0.053867999112333316,0,0.7171601800995467,1.0
5,multi-cutcat-tour,121,746,124,1.09375,0.42696677123298366,0,0.3311290192840506,0.9993000000000001
5,multi-cutcat-tour,120,422,116,1.1103515625,0.09868508487201441,0,0.0,0.9989
5,multi-cutcat-tour,376,491,124,1.109375,0.12336130762297595,0,0.05529376140162865,0.9989
5,multi-cutcat-tour,121,744,101,1.109375,0.18998557114380996,0,0.03585019792498424,0.9974
6,multi-cutcat-tour,120,428,372,1.111328125,0.05776710246870202,0,0.25093891781986877,1.0
6,multi-cutcat-tour,114,746,188,1.109375,0.3024878723822974,0,0.6638612437842348,1.0
6,multi-cutcat-tour,562,315,1084,1.0947265625,0.002889421046237578,0,0.693840842997112,1.0
6,multi-cutcat-tour,97,430,572,1.03125,0.12384962984157158,0,1.0,1.0
6,multi-cutcat-tour,939,151,133,1.666015625,0.053867999112333316,0,0.7171601800995467,1.0
6,multi-cutcat-tour,121,746,124,1.09375,0.42696677123298366,0,0.3311290192840506,0.9993000000000001
6,multi-cutcat-tour,120,746,124,1.0947265625,0.15357671484796134,0,0.06887267986571674,0.9995
6,multi-cutcat-tour,120,422,116,1.1103515625,0.09868508487201441,0,0.0,0.9989
6,multi-cutcat-tour,233,148,196,1.666015625,0.13391092066316726,0,0.36281582298583165,1.0
6,multi-cutcat-tour,121,423,124,1.0947265625,0.05248647507925364,0,0.0,0.9992
7,multi-cutcat-tour,120,428,372,1.111328125,0.05776710246870202,0,0.25093891781986877,1.0
7,multi-cutcat-tour,377,422,508,1.0478515625,0.04909457078608036,0,0.37553259303920133,1.0
7,multi-cutcat-tour,562,315,1084,1.0947265625,0.002889421046237578,0,0.693840842997112,1.0
7,multi-cutcat-tour,121,423,124,1.0947265625,0.05248647507925364,0,0.0,0.9992
7,multi-cutcat-tour,121,746,124,1.09375,0.42696677123298366,0,0.3311290192840506,0.9993000000000001
7,multi-cutcat-tour,114,746,188,1.09375,0.7641940379809031,0,0.11831079428176795,1.0
7,multi-cutcat-tour,44,428,165,1.736328125,1.0,0,0.1251152927308136,1.0
8,multi-cutcat-tour,377,422,508,1.0478515625,0.04909457078608036,0,0.37553259303920133,1.0
8,multi-cutcat-tour,562,315,1084,1.0947265625,0.002889421046237578,0,0.693840842997112,1.0
8,multi-cutcat-tour,939,151,133,1.666015625,0.053867999112333316,0,0.7171601800995467,1.0
8,multi-cutcat-tour,121,748,124,1.111328125,0.13558437880521415,0,0.04375860674668209,0.9992
8,multi-cutcat-tour,121,423,124,1.0947265625,0.05248647507925364,0,0.0,0.9992
8,multi-cutcat-tour,120,746,124,1.0947265625,0.15357671484796134,0,0.06887267986571674,0.9995
8,multi-cutcat-tour,121,492,376,1.095703125,0.47464731741514415,0,0.5530315356067805,1.0
8,multi-cutcat-tour,114,746,188,1.09375,0.7641940379809031,0,0.11831079428176795,1.0
9,multi-cutcat-tour,120,428,372,1.111328125,0.05776710246870202,0,0.25093891781986877,1.0
9,multi-cutcat-tour,377,422,508,1.0478515625,0.04909457078608036,0,0.37553259303920133,1.0
9,multi-cutcat-tour,562,315,1084,1.0947265625,0.002889421046237578,0,0.693840842997112,1.0
9,multi-cutcat-tour,939,151,133,1.666015625,0.053867999112333316,0,0.7171601800995467,1.0
9,multi-cutcat-tour,121,748,124,1.111328125,0.13558437880521415,0,0.04375860674668209,0.9992
9,multi-cutcat-tour,121,423,124,1.0947265625,0.05248647507925364,0,0.0,0.9992
9,multi-cutcat-tour,120,746,124,1.0947265625,0.15357671484796134,0,0.06887267986571674,0.9995
9,multi-cutcat-tour,114,1083,188,1.0947265625,0.20355912399722317,0,0.09243340158774244,1.0
10,multi-cutcat-tour,377,422,508,1.0478515625,0.04909457078608036,0,0.37553259303920133,1.0
10,multi-cutcat-tour,562,315,1084,1.0947265625,0.002889421046237578,0,0.693840842997112,1.0
10,multi-cutcat-tour,120,428,884,1.09375,0.04513866658796871,0,0.6363718776485756,1.0
10,multi-cutcat-tour,122,443,310,1.0947265625,0.054087789294886696,0,0.19773753181888162,1.0
10,multi-cutcat-tour,121,423,124,1.0947265625,0.05248647507925364,0,0.0,0.9992
10,multi-cutcat-tour,120,746,124,1.0947265625,0.15357671484796134,0,0.06887267986571674,0.9995
10,multi-cutcat-tour,114,1083,188,1.0947265625,0.20355912399722317,0,0.09243340158774244,1.0
